"","Aural Anomalies","Cerebral Anomalies","Ciliopathy","Coronary and Vascular Anomalies","Digestive Anomalies","Facial Anomalies","Hormonal Anomalies","Liver Anomalies","Nasal Anomalies","Neural Anomalies","Ophthalmic Anomalies","Organ Anomalies","Others","Renal Anomalies","Reproductive Anomalies","Respiratory Anomalies","Skeletal Anomalies","type_ciliopathy","Human.Gene.Name","Subcellular.Localization"
"1","0","1","acrocallosal.syndrome","0","0","1","0","0","0","0","1","0","1","0","0","0","1","Primary","KIF7","1"
"2","1","1","al.gazali.bakalinova.syndrome","0","0","0","0","0","0","0","1","1","0","0","0","0","1","Primary","KIF7","1"
"3","0","1","autosomal.dominant.polycystic.kidney.disease","1","1","0","0","1","0","0","0","0","0","1","0","0","0","Primary","PKD1","1"
"4","0","1","autosomal.dominant.polycystic.kidney.disease","1","1","0","0","1","0","0","0","0","0","1","0","0","0","Primary","PKD2","1"
"5","0","1","autosomal.dominant.polycystic.kidney.disease","1","1","0","0","1","0","0","0","0","0","1","0","0","0","Primary","GANAB","0"
"6","0","1","autosomal.dominant.polycystic.kidney.disease","1","1","0","0","1","0","0","0","0","0","1","0","0","0","Primary","DNAJB11","0"
"7","0","1","autosomal.dominant.polycystic.kidney.disease","1","1","0","0","1","0","0","0","0","0","1","0","0","0","Primary","IFT140","1"
"8","0","1","autosomal.dominant.polycystic.kidney.disease","1","1","0","0","1","0","0","0","0","0","1","0","0","0","Primary","ACOT13","0"
"9","0","1","autosomal.dominant.polycystic.kidney.disease","1","1","0","0","1","0","0","0","0","0","1","0","0","0","Primary","PTGER2","2"
"10","0","1","autosomal.dominant.polycystic.kidney.disease","1","1","0","0","1","0","0","0","0","0","1","0","0","0","Primary","ALG9","0"
"11","0","1","autosomal.dominant.polycystic.kidney.disease","1","1","0","0","1","0","0","0","0","0","1","0","0","0","Primary","CYS1","1"
"12","0","1","autosomal.dominant.polycystic.kidney.disease","1","1","0","0","1","0","0","0","0","0","1","0","0","0","Primary","FCYT","0"
"13","0","1","autosomal.dominant.polycystic.kidney.disease","1","1","0","0","1","0","0","0","0","0","1","0","0","0","Primary","ALG5","0"
"14","0","1","autosomal.dominant.polycystic.kidney.disease","1","1","0","0","1","0","0","0","0","0","1","0","0","0","Primary","DZIP1L","0"
"15","0","1","autosomal.recessive.polycystic.kidney.disease","1","1","0","0","1","0","0","0","0","0","1","0","0","0","Primary","PKHD1","0"
"16","0","1","autosomal.recessive.polycystic.kidney.disease","1","1","0","0","1","0","0","0","0","0","1","0","0","0","Primary","DZIP1L","1"
"17","0","1","polycystic.kidney.disease","1","1","0","0","1","0","0","0","0","0","1","0","0","0","Primary","GLI1","1"
"18","0","1","polycystic.kidney.disease","1","1","0","0","1","0","0","0","0","0","1","0","0","0","Primary","PMM2","0"
"19","0","1","polycystic.kidney.disease","1","1","0","0","1","0","0","0","0","0","1","0","0","0","Primary","GNAS","1"
"20","0","1","polycystic.kidney.disease","1","1","0","0","1","0","0","0","0","0","1","0","0","0","Primary","PI4KB","0"
"21","0","1","polycystic.kidney.disease","1","1","0","0","1","0","0","0","0","0","1","0","0","0","Primary","TTC30A","0"
"22","0","1","polycystic.kidney.disease","1","1","0","0","1","0","0","0","0","0","1","0","0","0","Primary","STAT3","0"
"23","0","1","infantile.polycystic.kidney.disease","1","1","0","0","1","0","0","0","0","0","1","0","0","0","Primary","HNF1B","0"
"24","0","1","bilateral.polycystic.kidney.disease","1","1","0","0","1","0","0","0","0","0","1","0","0","0","Primary","TTC21B","1"
"25","1","0","alström.syndrome","1","1","0","1","1","0","0","1","0","0","1","1","0","1","Primary","ALMS1","0"
"26","1","0","bardet.biedl.syndrome","1","1","1","1","1","1","1","1","0","1","1","1","0","1","Primary","BBS1","1"
"27","1","0","bardet.biedl.syndrome","1","1","1","1","1","1","1","1","0","1","1","1","0","1","Primary","BBS2","1"
"28","1","0","bardet.biedl.syndrome","1","1","1","1","1","1","1","1","0","1","1","1","0","1","Primary","ARL6","1"
"29","1","0","bardet.biedl.syndrome","1","1","1","1","1","1","1","1","0","1","1","1","0","1","Primary","BBS4","1"
"30","1","0","bardet.biedl.syndrome","1","1","1","1","1","1","1","1","0","1","1","1","0","1","Primary","BBS5","1"
"31","1","0","bardet.biedl.syndrome","1","1","1","1","1","1","1","1","0","1","1","1","0","1","Primary","MKKS","0"
"32","1","0","bardet.biedl.syndrome","1","1","1","1","1","1","1","1","0","1","1","1","0","1","Primary","BBS7","1"
"33","1","0","bardet.biedl.syndrome","1","1","1","1","1","1","1","1","0","1","1","1","0","1","Primary","TTC8","0"
"34","1","0","bardet.biedl.syndrome","1","1","1","1","1","1","1","1","0","1","1","1","0","1","Primary","BBS9","1"
"35","1","0","bardet.biedl.syndrome","1","1","1","1","1","1","1","1","0","1","1","1","0","1","Primary","BBS10","0"
"36","1","0","bardet.biedl.syndrome","1","1","1","1","1","1","1","1","0","1","1","1","0","1","Primary","TRIM32","0"
"37","1","0","bardet.biedl.syndrome","1","1","1","1","1","1","1","1","0","1","1","1","0","1","Primary","BBS12","0"
"38","1","0","bardet.biedl.syndrome","1","1","1","1","1","1","1","1","0","1","1","1","0","1","Primary","MKS1","1"
"39","1","0","bardet.biedl.syndrome","1","1","1","1","1","1","1","1","0","1","1","1","0","1","Primary","CEP290","1"
"40","1","0","bardet.biedl.syndrome","1","1","1","1","1","1","1","1","0","1","1","1","0","1","Primary","WDPCP","1"
"41","1","0","bardet.biedl.syndrome","1","1","1","1","1","1","1","1","0","1","1","1","0","1","Primary","SDCCAG8","1"
"42","1","0","bardet.biedl.syndrome","1","1","1","1","1","1","1","1","0","1","1","1","0","1","Primary","LZTFL1","1"
"43","1","0","bardet.biedl.syndrome","1","1","1","1","1","1","1","1","0","1","1","1","0","1","Primary","BBIP1","1"
"44","1","0","bardet.biedl.syndrome","1","1","1","1","1","1","1","1","0","1","1","1","0","1","Primary","IFT27","0"
"45","1","0","bardet.biedl.syndrome","1","1","1","1","1","1","1","1","0","1","1","1","0","1","Primary","IFT172","1"
"46","1","0","bardet.biedl.syndrome","1","1","1","1","1","1","1","1","0","1","1","1","0","1","Primary","C8orf37","1"
"47","1","0","bardet.biedl.syndrome","1","1","1","1","1","1","1","1","0","1","1","1","0","1","Primary","IFT74","1"
"48","1","0","bardet.biedl.syndrome","1","1","1","1","1","1","1","1","0","1","1","1","0","1","Primary","TTC21B","1"
"49","1","0","bardet.biedl.syndrome","1","1","1","1","1","1","1","1","0","1","1","1","0","1","Primary","SCLT1","0"
"50","1","0","bardet.biedl.syndrome","1","1","1","1","1","1","1","1","0","1","1","1","0","1","Primary","IFT81","1"
"51","0","1","bazex.dupré.christol.syndrome","1","0","1","1","1","0","1","1","1","0","0","1","0","1","Primary","ACTRT1","0"
"52","0","1","biliary..renal..neurologic..and.skeletal.syndrome","1","0","1","1","1","0","0","1","1","0","0","0","0","1","Primary","TTC26","1"
"53","0","0","caroli.disease","0","0","0","1","1","0","0","0","0","0","0","0","0","0","Primary","PKHD1","0"
"54","1","1","cranioectodermal.dysplasia","1","0","1","1","0","1","0","0","1","0","0","0","0","1","Primary","IFT122","1"
"55","1","1","cranioectodermal.dysplasia","1","0","1","1","0","1","0","0","1","0","0","0","0","1","Primary","WDR35","0"
"56","1","1","cranioectodermal.dysplasia","1","0","1","1","0","1","0","0","1","0","0","0","0","1","Primary","IFT43","0"
"57","1","1","cranioectodermal.dysplasia","1","0","1","1","0","1","0","0","1","0","0","0","0","1","Primary","WDR19","1"
"58","1","1","cranioectodermal.dysplasia","1","0","1","1","0","1","0","0","1","0","0","0","0","1","Primary","IFT52","0"
"59","1","1","cranioectodermal.dysplasia","1","0","1","1","0","1","0","0","1","0","0","0","0","1","Primary","IFT140","1"
"60","0","1","coach.syndrome","0","0","0","1","0","0","0","1","0","1","0","0","0","0","Primary","TMEM67","1"
"61","0","1","coach.syndrome","0","0","0","1","0","0","0","1","0","1","0","0","0","0","Primary","CC2D2A","1"
"62","0","1","coach.syndrome","0","0","0","1","0","0","0","1","0","1","0","0","0","0","Primary","RPGRIP1L","1"
"63","0","1","coach.syndrome","0","0","0","1","0","0","0","1","0","1","0","0","0","0","Primary","PMM2","0"
"64","0","0","ellis.van.creveld.syndrome","1","0","1","1","0","0","0","0","0","0","0","0","1","1","Primary","EVC","1"
"65","0","0","ellis.van.creveld.syndrome","1","0","1","1","0","0","0","0","0","0","0","0","1","1","Primary","EVC2","1"
"66","0","1","greig.cephalopolysyndactyly.syndrome","0","0","1","1","0","0","1","1","1","1","0","0","0","1","Primary","GLI3","1"
"67","0","1","hydrolethalus.syndrome","1","0","1","0","0","0","1","0","1","0","0","0","1","1","Primary","HYLS1","0"
"68","0","1","hydrolethalus.syndrome","1","0","1","0","0","0","1","0","1","0","0","0","1","1","Primary","KIF7","1"
"69","0","0","joubert.syndrome","0","0","1","1","1","0","0","1","0","1","1","0","1","1","Primary","INPP5E","1"
"70","0","0","joubert.syndrome","0","0","1","1","1","0","0","1","0","1","1","0","1","1","Primary","TMEM216","1"
"71","0","0","joubert.syndrome","0","0","1","1","1","0","0","1","0","1","1","0","1","1","Primary","AHI1","1"
"72","0","0","joubert.syndrome","0","0","1","1","1","0","0","1","0","1","1","0","1","1","Primary","NPHP1","1"
"73","0","0","joubert.syndrome","0","0","1","1","1","0","0","1","0","1","1","0","1","1","Primary","CEP290","1"
"74","0","0","joubert.syndrome","0","0","1","1","1","0","0","1","0","1","1","0","1","1","Primary","TMEM67","1"
"75","0","0","joubert.syndrome","0","0","1","1","1","0","0","1","0","1","1","0","1","1","Primary","RPGRIP1L","1"
"76","0","0","joubert.syndrome","0","0","1","1","1","0","0","1","0","1","1","0","1","1","Primary","ARL13B","1"
"77","0","0","joubert.syndrome","0","0","1","1","1","0","0","1","0","1","1","0","1","1","Primary","CC2D2A","1"
"78","0","0","joubert.syndrome","0","0","1","1","1","0","0","1","0","1","1","0","1","1","Primary","OFD1","1"
"79","0","0","joubert.syndrome","0","0","1","1","1","0","0","1","0","1","1","0","1","1","Primary","TTC21B","1"
"80","0","0","joubert.syndrome","0","0","1","1","1","0","0","1","0","1","1","0","1","1","Primary","KIF7","1"
"81","0","0","joubert.syndrome","0","0","1","1","1","0","0","1","0","1","1","0","1","1","Primary","TCTN1","1"
"82","0","0","joubert.syndrome","0","0","1","1","1","0","0","1","0","1","1","0","1","1","Primary","TMEM237","1"
"83","0","0","joubert.syndrome","0","0","1","1","1","0","0","1","0","1","1","0","1","1","Primary","CEP41","1"
"84","0","0","joubert.syndrome","0","0","1","1","1","0","0","1","0","1","1","0","1","1","Primary","TMEM138","1"
"85","0","0","joubert.syndrome","0","0","1","1","1","0","0","1","0","1","1","0","1","1","Primary","CPLANE1","1"
"86","0","0","joubert.syndrome","0","0","1","1","1","0","0","1","0","1","1","0","1","1","Primary","TCTN3","1"
"87","0","0","joubert.syndrome","0","0","1","1","1","0","0","1","0","1","1","0","1","1","Primary","ZNF423","0"
"88","0","0","joubert.syndrome","0","0","1","1","1","0","0","1","0","1","1","0","1","1","Primary","TMEM231","1"
"89","0","0","joubert.syndrome","0","0","1","1","1","0","0","1","0","1","1","0","1","1","Primary","CSPP1","1"
"90","0","0","joubert.syndrome","0","0","1","1","1","0","0","1","0","1","1","0","1","1","Primary","PDE6D","0"
"91","0","0","joubert.syndrome","0","0","1","1","1","0","0","1","0","1","1","0","1","1","Primary","KIAA0586","0"
"92","0","0","joubert.syndrome","0","0","1","1","1","0","0","1","0","1","1","0","1","1","Primary","TCTN2","1"
"93","0","0","joubert.syndrome","0","0","1","1","1","0","0","1","0","1","1","0","1","1","Primary","CEP104","1"
"94","0","0","joubert.syndrome","0","0","1","1","1","0","0","1","0","1","1","0","1","1","Primary","KATNIP","0"
"95","0","0","joubert.syndrome","0","0","1","1","1","0","0","1","0","1","1","0","1","1","Primary","B9D1","1"
"96","0","0","joubert.syndrome","0","0","1","1","1","0","0","1","0","1","1","0","1","1","Primary","MKS1","1"
"97","0","0","joubert.syndrome","0","0","1","1","1","0","0","1","0","1","1","0","1","1","Primary","TMEM107","1"
"98","0","0","joubert.syndrome","0","0","1","1","1","0","0","1","0","1","1","0","1","1","Primary","ARMC9","1"
"99","0","0","joubert.syndrome","0","0","1","1","1","0","0","1","0","1","1","0","1","1","Primary","CEP120","0"
"100","0","0","joubert.syndrome","0","0","1","1","1","0","0","1","0","1","1","0","1","1","Primary","SUFU","1"
"101","0","0","joubert.syndrome","0","0","1","1","1","0","0","1","0","1","1","0","1","1","Primary","PIBF1","0"
"102","0","0","joubert.syndrome","0","0","1","1","1","0","0","1","0","1","1","0","1","1","Primary","B9D2","1"
"103","0","0","joubert.syndrome","0","0","1","1","1","0","0","1","0","1","1","0","1","1","Primary","ARL3","1"
"104","0","0","joubert.syndrome","0","0","1","1","1","0","0","1","0","1","1","0","1","1","Primary","FAM149B1","1"
"105","0","0","joubert.syndrome","0","0","1","1","1","0","0","1","0","1","1","0","1","1","Primary","TOGARAM1","1"
"106","0","0","joubert.syndrome","0","0","1","1","1","0","0","1","0","1","1","0","1","1","Primary","KIAA0753","0"
"107","0","0","joubert.syndrome","0","0","1","1","1","0","0","1","0","1","1","0","1","1","Primary","TMEM218","1"
"108","0","0","joubert.syndrome","0","0","1","1","1","0","0","1","0","1","1","0","1","1","Primary","IFT74","1"
"109","0","0","joubert.syndrome","0","0","1","1","1","0","0","1","0","1","1","0","1","1","Primary","CBY1","0"
"110","0","0","joubert.syndrome","0","0","1","1","1","0","0","1","0","1","1","0","1","1","Primary","CC2D1A","0"
"111","0","0","joubert.syndrome","0","0","1","1","1","0","0","1","0","1","1","0","1","1","Primary","LRRCC1","0"
"112","0","0","joubert.syndrome","0","0","1","1","1","0","0","1","0","1","1","0","1","1","Primary","ADAMTS9","1"
"113","0","0","joubert.syndrome","0","0","1","1","1","0","0","1","0","1","1","0","1","1","Primary","LAMA1","2"
"114","0","0","joubert.syndrome","0","0","1","1","1","0","0","1","0","1","1","0","1","1","Primary","TOPORS","0"
"115","0","0","joubert.syndrome","0","0","1","1","1","0","0","1","0","1","1","0","1","1","Primary","RNU4ATAC","0"
"116","0","1","kallmann.syndrome","0","1","0","0","0","0","0","1","1","1","0","1","0","0","Primary","WDR11","1"
"117","0","0","mckusick.kaufman.syndrome","1","0","0","1","0","0","0","0","0","0","0","0","0","1","Primary","MKKS","0"
"118","0","1","meckel.gruber.syndrome","1","0","1","0","1","0","0","0","1","0","1","1","0","1","Primary","MKS1","1"
"119","0","1","meckel.gruber.syndrome","1","0","1","0","1","0","0","0","1","0","1","1","0","1","Primary","TMEM216","0"
"120","0","1","meckel.gruber.syndrome","1","0","1","0","1","0","0","0","1","0","1","1","0","1","Primary","TMEM67","1"
"121","0","1","meckel.gruber.syndrome","1","0","1","0","1","0","0","0","1","0","1","1","0","1","Primary","CEP290","1"
"122","0","1","meckel.gruber.syndrome","1","0","1","0","1","0","0","0","1","0","1","1","0","1","Primary","RPGRIP1L","1"
"123","0","1","meckel.gruber.syndrome","1","0","1","0","1","0","0","0","1","0","1","1","0","1","Primary","CC2D2A","1"
"124","0","1","meckel.gruber.syndrome","1","0","1","0","1","0","0","0","1","0","1","1","0","1","Primary","NPHP3","1"
"125","0","1","meckel.gruber.syndrome","1","0","1","0","1","0","0","0","1","0","1","1","0","1","Primary","TCTN2","1"
"126","0","1","meckel.gruber.syndrome","1","0","1","0","1","0","0","0","1","0","1","1","0","1","Primary","B9D1","1"
"127","0","1","meckel.gruber.syndrome","1","0","1","0","1","0","0","0","1","0","1","1","0","1","Primary","B9D2","1"
"128","0","1","meckel.gruber.syndrome","1","0","1","0","1","0","0","0","1","0","1","1","0","1","Primary","TMEM231","1"
"129","0","1","meckel.gruber.syndrome","1","0","1","0","1","0","0","0","1","0","1","1","0","1","Primary","KIF14","1"
"130","0","1","meckel.gruber.syndrome","1","0","1","0","1","0","0","0","1","0","1","1","0","1","Primary","TMEM107","1"
"131","0","1","meckel.gruber.syndrome","1","0","1","0","1","0","0","0","1","0","1","1","0","1","Primary","TMEM218","1"
"132","0","1","meckel.gruber.syndrome","1","0","1","0","1","0","0","0","1","0","1","1","0","1","Primary","CEP55","0"
"133","0","1","meckel.gruber.syndrome","1","0","1","0","1","0","0","0","1","0","1","1","0","1","Primary","TCTN3","1"
"134","0","1","meckel.gruber.syndrome","1","0","1","0","1","0","0","0","1","0","1","1","0","1","Primary","TXNDC15","0"
"135","0","0","morbid.obesity.and.spermatogenic.failure","1","1","0","1","1","0","0","0","0","0","0","1","0","0","Primary","CEP19","0"
"136","0","1","nephronophthisis","1","0","0","1","1","0","0","1","1","1","0","0","1","1","Primary","NPHP1","1"
"137","0","1","nephronophthisis","1","0","0","1","1","0","0","1","1","1","0","0","1","1","Primary","INVS","1"
"138","0","1","nephronophthisis","1","0","0","1","1","0","0","1","1","1","0","0","1","1","Primary","NPHP3","1"
"139","0","1","nephronophthisis","1","0","0","1","1","0","0","1","1","1","0","0","1","1","Primary","NPHP4","1"
"140","0","1","nephronophthisis","1","0","0","1","1","0","0","1","1","1","0","0","1","1","Primary","GLIS2","1"
"141","0","1","nephronophthisis","1","0","0","1","1","0","0","1","1","1","0","0","1","1","Primary","NEK8","1"
"142","0","1","nephronophthisis","1","0","0","1","1","0","0","1","1","1","0","0","1","1","Primary","TMEM67","1"
"143","0","1","nephronophthisis","1","0","0","1","1","0","0","1","1","1","0","0","1","1","Primary","TTC21B","1"
"144","0","1","nephronophthisis","1","0","0","1","1","0","0","1","1","1","0","0","1","1","Primary","WDR19","1"
"145","0","1","nephronophthisis","1","0","0","1","1","0","0","1","1","1","0","0","1","1","Primary","ZNF423","0"
"146","0","1","nephronophthisis","1","0","0","1","1","0","0","1","1","1","0","0","1","1","Primary","CEP164","1"
"147","0","1","nephronophthisis","1","0","0","1","1","0","0","1","1","1","0","0","1","1","Primary","ANKS6","1"
"148","0","1","nephronophthisis","1","0","0","1","1","0","0","1","1","1","0","0","1","1","Primary","CEP83","1"
"149","0","1","nephronophthisis","1","0","0","1","1","0","0","1","1","1","0","0","1","1","Primary","DCDC2","1"
"150","0","1","nephronophthisis","1","0","0","1","1","0","0","1","1","1","0","0","1","1","Primary","MAPKBP1","0"
"151","0","1","nephronophthisis","1","0","0","1","1","0","0","1","1","1","0","0","1","1","Primary","XPNPEP3","0"
"152","0","1","nephronophthisis","1","0","0","1","1","0","0","1","1","1","0","0","1","1","Primary","CC2D2A","1"
"153","0","1","nephronophthisis","1","0","0","1","1","0","0","1","1","1","0","0","1","1","Primary","ADAMTS9","1"
"154","0","1","nephronophthisis","1","0","0","1","1","0","0","1","1","1","0","0","1","1","Primary","SDCCAG8","1"
"155","0","1","nephronophthisis","1","0","0","1","1","0","0","1","1","1","0","0","1","1","Primary","CEP290","1"
"156","0","1","complex.lethal.osteochondrodysplasia","0","1","0","1","0","0","0","1","0","0","1","1","0","1","Primary","TAPT1","0"
"157","0","0","lowe.oculocerebrorenal.syndrome","0","0","0","1","0","0","0","1","0","1","1","0","0","0","Primary","OCRL","1"
"158","1","1","orofaciodigital.syndrome","1","0","1","0","0","0","0","1","0","0","0","0","0","1","Primary","OFD1","1"
"159","1","1","orofaciodigital.syndrome","1","0","1","0","0","0","0","1","0","0","0","0","0","1","Primary","TCTN3","1"
"160","1","1","orofaciodigital.syndrome","1","0","1","0","0","0","0","1","0","0","0","0","0","1","Primary","DDX59","0"
"161","1","1","orofaciodigital.syndrome","1","0","1","0","0","0","0","1","0","0","0","0","0","1","Primary","CPLANE1","1"
"162","1","1","orofaciodigital.syndrome","1","0","1","0","0","0","0","1","0","0","0","0","0","1","Primary","C2CD3","0"
"163","1","1","orofaciodigital.syndrome","1","0","1","0","0","0","0","1","0","0","0","0","0","1","Primary","KIAA0753","0"
"164","1","1","orofaciodigital.syndrome","1","0","1","0","0","0","0","1","0","0","0","0","0","1","Primary","TMEM107","1"
"165","1","1","orofaciodigital.syndrome","1","0","1","0","0","0","0","1","0","0","0","0","0","1","Primary","INTU","0"
"166","1","1","orofaciodigital.syndrome","1","0","1","0","0","0","0","1","0","0","0","0","0","1","Primary","IFT57","1"
"167","1","0","primary.ciliary.dyskinesia","0","0","0","0","0","1","0","0","1","0","0","1","1","0","motile","DNAI1","2"
"168","1","0","primary.ciliary.dyskinesia","0","0","0","0","0","1","0","0","1","0","0","1","1","0","motile","DNAAF3","0"
"169","1","0","primary.ciliary.dyskinesia","0","0","0","0","0","1","0","0","1","0","0","1","1","0","motile","DNAH5","1"
"170","1","0","primary.ciliary.dyskinesia","0","0","0","0","0","1","0","0","1","0","0","1","1","0","motile","HYDIN","1"
"171","1","0","primary.ciliary.dyskinesia","0","0","0","0","0","1","0","0","1","0","0","1","1","0","motile","NME8","1"
"172","1","0","primary.ciliary.dyskinesia","0","0","0","0","0","1","0","0","1","0","0","1","1","0","motile","DNAH11","1"
"173","1","0","primary.ciliary.dyskinesia","0","0","0","0","0","1","0","0","1","0","0","1","1","0","motile","DNAI2","1"
"174","1","0","primary.ciliary.dyskinesia","0","0","0","0","0","1","0","0","1","0","0","1","1","0","motile","DNAAF2","0"
"175","1","0","primary.ciliary.dyskinesia","0","0","0","0","0","1","0","0","1","0","0","1","1","0","motile","RSPH4A","1"
"176","1","0","primary.ciliary.dyskinesia","0","0","0","0","0","1","0","0","1","0","0","1","1","0","motile","RSPH9","1"
"177","1","0","primary.ciliary.dyskinesia","0","0","0","0","0","1","0","0","1","0","0","1","1","0","motile","DNAAF1","0"
"178","1","0","primary.ciliary.dyskinesia","0","0","0","0","0","1","0","0","1","0","0","1","1","0","motile","CCDC39","1"
"179","1","0","primary.ciliary.dyskinesia","0","0","0","0","0","1","0","0","1","0","0","1","1","0","motile","CCDC40","1"
"180","1","0","primary.ciliary.dyskinesia","0","0","0","0","0","1","0","0","1","0","0","1","1","0","motile","DNAL1","0"
"181","1","0","primary.ciliary.dyskinesia","0","0","0","0","0","1","0","0","1","0","0","1","1","0","motile","CCDC103","1"
"182","1","0","primary.ciliary.dyskinesia","0","0","0","0","0","1","0","0","1","0","0","1","1","0","motile","DNAAF5","1"
"183","1","0","primary.ciliary.dyskinesia","0","0","0","0","0","1","0","0","1","0","0","1","1","0","motile","LRRC6","1"
"184","1","0","primary.ciliary.dyskinesia","0","0","0","0","0","1","0","0","1","0","0","1","1","0","motile","ODAD1","1"
"185","1","0","primary.ciliary.dyskinesia","0","0","0","0","0","1","0","0","1","0","0","1","1","0","motile","DRC1","2"
"186","1","0","primary.ciliary.dyskinesia","0","0","0","0","0","1","0","0","1","0","0","1","1","0","motile","ZMYND10","1"
"187","1","0","primary.ciliary.dyskinesia","0","0","0","0","0","1","0","0","1","0","0","1","1","0","motile","ODAD2","1"
"188","1","0","primary.ciliary.dyskinesia","0","0","0","0","0","1","0","0","1","0","0","1","1","0","motile","RSPH1","1"
"189","1","0","primary.ciliary.dyskinesia","0","0","0","0","0","1","0","0","1","0","0","1","1","0","motile","DNAAF4","1"
"190","1","0","primary.ciliary.dyskinesia","0","0","0","0","0","1","0","0","1","0","0","1","1","0","motile","CFAP298","2"
"191","1","0","primary.ciliary.dyskinesia","0","0","0","0","0","1","0","0","1","0","0","1","1","0","motile","CCDC65","1"
"192","1","0","primary.ciliary.dyskinesia","0","0","0","0","0","1","0","0","1","0","0","1","1","0","motile","SPAG1","0"
"193","1","0","primary.ciliary.dyskinesia","0","0","0","0","0","1","0","0","1","0","0","1","1","0","motile","CCNO","2"
"194","1","0","primary.ciliary.dyskinesia","0","0","0","0","0","1","0","0","1","0","0","1","1","0","motile","ODAD3","1"
"195","1","0","primary.ciliary.dyskinesia","0","0","0","0","0","1","0","0","1","0","0","1","1","0","motile","RSPH3","1"
"196","1","0","primary.ciliary.dyskinesia","0","0","0","0","0","1","0","0","1","0","0","1","1","0","motile","GAS8","1"
"197","1","0","primary.ciliary.dyskinesia","0","0","0","0","0","1","0","0","1","0","0","1","1","0","motile","DNAJB13","1"
"198","1","0","primary.ciliary.dyskinesia","0","0","0","0","0","1","0","0","1","0","0","1","1","0","motile","ODAD4","1"
"199","1","0","primary.ciliary.dyskinesia","0","0","0","0","0","1","0","0","1","0","0","1","1","0","motile","DNAAF6","2"
"200","1","0","primary.ciliary.dyskinesia","0","0","0","0","0","1","0","0","1","0","0","1","1","0","motile","DNAH1","1"
"201","1","0","primary.ciliary.dyskinesia","0","0","0","0","0","1","0","0","1","0","0","1","1","0","motile","CFAP300","1"
"202","1","0","primary.ciliary.dyskinesia","0","0","0","0","0","1","0","0","1","0","0","1","1","0","motile","LRRC56","1"
"203","1","0","primary.ciliary.dyskinesia","0","0","0","0","0","1","0","0","1","0","0","1","1","0","motile","DNAH9","1"
"204","1","0","primary.ciliary.dyskinesia","0","0","0","0","0","1","0","0","1","0","0","1","1","0","motile","GAS2L2","1"
"205","1","0","primary.ciliary.dyskinesia","0","0","0","0","0","1","0","0","1","0","0","1","1","0","motile","MCIDAS","0"
"206","1","0","primary.ciliary.dyskinesia","0","0","0","0","0","1","0","0","1","0","0","1","1","0","motile","FOXJ1","1"
"207","1","0","primary.ciliary.dyskinesia","0","0","0","0","0","1","0","0","1","0","0","1","1","0","motile","NEK10","1"
"208","1","0","primary.ciliary.dyskinesia","0","0","0","0","0","1","0","0","1","0","0","1","1","0","motile","TTC12","0"
"209","1","0","primary.ciliary.dyskinesia","0","0","0","0","0","1","0","0","1","0","0","1","1","0","motile","STK36","1"
"210","1","0","primary.ciliary.dyskinesia","0","0","0","0","0","1","0","0","1","0","0","1","1","0","motile","TP73","0"
"211","1","0","primary.ciliary.dyskinesia","0","0","0","0","0","1","0","0","1","0","0","1","1","0","motile","NME5","1"
"212","1","0","primary.ciliary.dyskinesia","0","0","0","0","0","1","0","0","1","0","0","1","1","0","motile","NME7","0"
"213","1","0","primary.ciliary.dyskinesia","0","0","0","0","0","1","0","0","1","0","0","1","1","0","motile","IFT46","0"
"214","1","0","primary.ciliary.dyskinesia","0","0","0","0","0","1","0","0","1","0","0","1","1","0","motile","CFAP57","1"
"215","1","0","primary.ciliary.dyskinesia","0","0","0","0","0","1","0","0","1","0","0","1","1","0","motile","CFAP221","1"
"216","1","0","primary.ciliary.dyskinesia","0","0","0","0","0","1","0","0","1","0","0","1","1","0","motile","SPEF2","1"
"217","1","0","primary.ciliary.dyskinesia","0","0","0","0","0","1","0","0","1","0","0","1","1","0","motile","CFAP54","0"
"218","1","0","primary.ciliary.dyskinesia","0","0","0","0","0","1","0","0","1","0","0","1","1","0","motile","CFAP206","1"
"219","1","0","primary.ciliary.dyskinesia","0","0","0","0","0","1","0","0","1","0","0","1","1","0","motile","AKNA","0"
"220","1","0","primary.ciliary.dyskinesia","0","0","0","0","0","1","0","0","1","0","0","1","1","0","motile","GOLGA3","0"
"221","1","0","primary.ciliary.dyskinesia","0","0","0","0","0","1","0","0","1","0","0","1","1","0","motile","SPAG6","1"
"222","1","0","primary.ciliary.dyskinesia","0","0","0","0","0","1","0","0","1","0","0","1","1","0","motile","RSPH3","1"
"223","1","0","primary.ciliary.dyskinesia","0","0","0","0","0","1","0","0","1","0","0","1","1","0","motile","CEP164","1"
"224","1","0","primary.ciliary.dyskinesia","0","0","0","0","0","1","0","0","1","0","0","1","1","0","motile","USP11","1"
"225","1","0","primary.ciliary.dyskinesia","0","0","0","0","0","1","0","0","1","0","0","1","1","0","motile","CRHR1","2"
"226","1","0","primary.ciliary.dyskinesia","0","0","0","0","0","1","0","0","1","0","0","1","1","0","motile","KRT34","0"
"227","1","0","primary.ciliary.dyskinesia","0","0","0","0","0","1","0","0","1","0","0","1","1","0","motile","DNAH7","0"
"228","1","0","primary.ciliary.dyskinesia","0","0","0","0","0","1","0","0","1","0","0","1","1","0","motile","OFD1","1"
"229","1","0","primary.ciliary.dyskinesia","0","0","0","0","0","1","0","0","1","0","0","1","1","0","motile","DNAH14","1"
"230","1","0","primary.ciliary.dyskinesia","0","0","0","0","0","1","0","0","1","0","0","1","1","0","motile","SPAG16","1"
"231","1","0","primary.ciliary.dyskinesia","0","0","0","0","0","1","0","0","1","0","0","1","1","0","motile","DYNLRB2","2"
"232","1","0","primary.ciliary.dyskinesia","0","0","0","0","0","1","0","0","1","0","0","1","1","0","motile","WDR16","0"
"233","1","0","primary.ciliary.dyskinesia","0","0","0","0","0","1","0","0","1","0","0","1","1","0","motile","BRWD1","1"
"234","1","0","primary.ciliary.dyskinesia","0","0","0","0","0","1","0","0","1","0","0","1","1","0","motile","CFAP74","1"
"235","0","0","retinal.dystrophy","0","1","0","0","0","0","0","1","0","0","0","0","0","1","Primary","CFAP410","0"
"236","0","0","retinal.dystrophy","0","1","0","0","0","0","0","1","0","0","0","0","0","1","Primary","CEP83","1"
"237","0","0","retinal.dystrophy","0","1","0","0","0","0","0","1","0","0","0","0","0","1","Primary","TTC21B","1"
"238","0","1","renal.hepatic.pancreatic.dysplasia","0","1","0","0","1","0","0","0","1","0","1","0","0","0","Primary","NPHP3","1"
"239","0","1","renal.hepatic.pancreatic.dysplasia","0","1","0","0","1","0","0","0","1","0","1","0","0","0","Primary","NEK8","1"
"240","0","1","renal.hepatic.pancreatic.dysplasia","0","1","0","0","1","0","0","0","1","0","1","0","0","0","Primary","DNAJB11","0"
"241","0","0","rhyns..syndrome","0","0","0","1","0","0","0","1","0","0","1","0","0","1","Primary","TMEM67","1"
"242","0","0","senior.løken.syndrome","1","1","0","0","0","0","0","1","0","1","1","0","0","0","Primary","NPHP1","1"
"243","0","0","senior.løken.syndrome","1","1","0","0","0","0","0","1","0","1","1","0","0","0","Primary","NPHP4","1"
"244","0","0","senior.løken.syndrome","1","1","0","0","0","0","0","1","0","1","1","0","0","0","Primary","IQCB1","1"
"245","0","0","senior.løken.syndrome","1","1","0","0","0","0","0","1","0","1","1","0","0","0","Primary","CEP290","1"
"246","0","0","senior.løken.syndrome","1","1","0","0","0","0","0","1","0","1","1","0","0","0","Primary","SDCCAG8","1"
"247","0","0","senior.løken.syndrome","1","1","0","0","0","0","0","1","0","1","1","0","0","0","Primary","WDR19","1"
"248","0","0","senior.løken.syndrome","1","1","0","0","0","0","0","1","0","1","1","0","0","0","Primary","TRAF3IP1","1"
"249","0","0","senior.løken.syndrome","1","1","0","0","0","0","0","1","0","1","1","0","0","0","Primary","NPHP3","1"
"250","0","0","smith.lemli.opitz.syndrome","1","0","1","0","0","0","0","1","0","1","0","0","0","1","Primary","DHCR7","0"
"251","0","0","spondylometaphyseal.dysplasia","0","0","0","0","0","0","0","1","1","0","0","0","0","1","Primary","CFAP410","0"
"252","0","0","spondylometaphyseal.dysplasia","0","0","0","0","0","0","0","1","1","0","0","0","0","1","Primary","FN1","2"
"253","0","0","spondylometaphyseal.dysplasia","0","0","0","0","0","0","0","1","1","0","0","0","0","1","Primary","TRPV4","1"
"254","0","0","spondylometaphyseal.dysplasia","0","0","0","0","0","0","0","1","1","0","0","0","0","1","Primary","PAM16","0"
"255","0","0","spondylometaphyseal.dysplasia","0","0","0","0","0","0","0","1","1","0","0","0","0","1","Primary","PRKG2","2"
"256","0","0","spondylometaphyseal.dysplasia","0","0","0","0","0","0","0","1","1","0","0","0","0","1","Primary","GPX4","0"
"257","0","0","spondylometaphyseal.dysplasia","0","0","0","0","0","0","0","1","1","0","0","0","0","1","Primary","ACP5","0"
"258","0","0","short.rib.thoracic.dysplasia","0","1","0","0","0","0","0","1","1","0","1","0","1","1","Primary","IFT80","1"
"259","0","0","short.rib.thoracic.dysplasia","0","1","0","0","0","0","0","1","1","0","1","0","1","1","Primary","DYNC2H1","0"
"260","0","0","short.rib.thoracic.dysplasia","0","1","0","0","0","0","0","1","1","0","1","0","1","1","Primary","TTC21B","1"
"261","0","0","short.rib.thoracic.dysplasia","0","1","0","0","0","0","0","1","1","0","1","0","1","1","Primary","WDR19","1"
"262","0","0","short.rib.thoracic.dysplasia","0","1","0","0","0","0","0","1","1","0","1","0","1","1","Primary","NEK1","0"
"263","0","0","short.rib.thoracic.dysplasia","0","1","0","0","0","0","0","1","1","0","1","0","1","1","Primary","WDR35","0"
"264","0","0","short.rib.thoracic.dysplasia","0","1","0","0","0","0","0","1","1","0","1","0","1","1","Primary","DYNC2I1","1"
"265","0","0","short.rib.thoracic.dysplasia","0","1","0","0","0","0","0","1","1","0","1","0","1","1","Primary","IFT140","1"
"266","0","0","short.rib.thoracic.dysplasia","0","1","0","0","0","0","0","1","1","0","1","0","1","1","Primary","IFT172","1"
"267","0","0","short.rib.thoracic.dysplasia","0","1","0","0","0","0","0","1","1","0","1","0","1","1","Primary","DYNC2I2","1"
"268","0","0","short.rib.thoracic.dysplasia","0","1","0","0","0","0","0","1","1","0","1","0","1","1","Primary","CEP120","0"
"269","0","0","short.rib.thoracic.dysplasia","0","1","0","0","0","0","0","1","1","0","1","0","1","1","Primary","KIAA0586","0"
"270","0","0","short.rib.thoracic.dysplasia","0","1","0","0","0","0","0","1","1","0","1","0","1","1","Primary","DYNC2LI1","1"
"271","0","0","short.rib.thoracic.dysplasia","0","1","0","0","0","0","0","1","1","0","1","0","1","1","Primary","IFT52","0"
"272","0","0","short.rib.thoracic.dysplasia","0","1","0","0","0","0","0","1","1","0","1","0","1","1","Primary","DYNLT2B","1"
"273","0","0","short.rib.thoracic.dysplasia","0","1","0","0","0","0","0","1","1","0","1","0","1","1","Primary","IFT43","0"
"274","0","0","short.rib.thoracic.dysplasia","0","1","0","0","0","0","0","1","1","0","1","0","1","1","Primary","IFT81","1"
"275","0","0","short.rib.thoracic.dysplasia","0","1","0","0","0","0","0","1","1","0","1","0","1","1","Primary","INTU","0"
"276","0","0","short.rib.thoracic.dysplasia","0","1","0","0","0","0","0","1","1","0","1","0","1","1","Primary","KIAA0753","0"
"277","0","0","short.rib.thoracic.dysplasia","0","1","0","0","0","0","0","1","1","0","1","0","1","1","Primary","GRK2","0"
"278","0","1","stromme.syndrome","0","1","1","0","0","0","0","1","0","0","0","0","0","0","Primary","CENPF","1"
"279","1","0","weyers.acrofacial.dysostosis","0","0","1","0","0","0","0","0","0","0","0","0","0","1","Primary","EVC","1"
"280","1","0","weyers.acrofacial.dysostosis","0","0","1","0","0","0","0","0","0","0","0","0","0","1","Primary","EVC2","1"
"281","0","1","ataxia.telangiectasia.like.disorder","0","0","0","0","0","0","0","1","0","1","0","0","0","0","Secondary","MRE11","0"
"282","0","1","ataxia.telangiectasia.like.disorder","0","0","0","0","0","0","0","1","0","1","0","0","0","0","Secondary","PCNA","0"
"283","0","0","birt.hogg.dubé.syndrome","0","0","0","0","0","0","0","0","1","0","1","0","0","0","motile","FLCN","1"
"284","0","1","cornelia.de.lange.syndrome","1","1","1","1","0","0","1","0","1","1","0","0","0","1","Secondary","NIPBL","0"
"285","0","1","cornelia.de.lange.syndrome","1","1","1","1","0","0","1","0","1","1","0","0","0","1","Secondary","SMC1A","1"
"286","0","1","cornelia.de.lange.syndrome","1","1","1","1","0","0","1","0","1","1","0","0","0","1","Secondary","SMC3","1"
"287","0","1","cornelia.de.lange.syndrome","1","1","1","1","0","0","1","0","1","1","0","0","0","1","Secondary","RAD21","0"
"288","0","1","cornelia.de.lange.syndrome","1","1","1","1","0","0","1","0","1","1","0","0","0","1","Secondary","HDAC8","2"
"289","0","1","cornelia.de.lange.syndrome","1","1","1","1","0","0","1","0","1","1","0","0","0","1","Secondary","ANKRD11","0"
"290","0","1","cornelia.de.lange.syndrome","1","1","1","1","0","0","1","0","1","1","0","0","0","1","Secondary","BRD4","0"
"291","0","0","cone.rod.dystrophy","0","0","0","0","0","0","1","1","0","0","0","0","0","0","Secondary","CRX","2"
"292","0","0","cone.rod.dystrophy","0","0","0","0","0","0","1","1","0","0","0","0","0","0","Secondary","ABCA4","0"
"293","0","0","cone.rod.dystrophy","0","0","0","0","0","0","1","1","0","0","0","0","0","0","Secondary","PDE6C","1"
"294","0","0","cone.rod.dystrophy","0","0","0","0","0","0","1","1","0","0","0","0","0","0","Secondary","PITPNM3","0"
"295","0","0","cone.rod.dystrophy","0","0","0","0","0","0","1","1","0","0","0","0","0","0","Secondary","GUCY2D","1"
"296","0","0","cone.rod.dystrophy","0","0","0","0","0","0","1","1","0","0","0","0","0","0","Secondary","RIMS1","2"
"297","0","0","cone.rod.dystrophy","0","0","0","0","0","0","1","1","0","0","0","0","0","0","Secondary","ADAM9","1"
"298","0","0","cone.rod.dystrophy","0","0","0","0","0","0","1","1","0","0","0","0","0","0","Secondary","SEMA4A","2"
"299","0","0","cone.rod.dystrophy","0","0","0","0","0","0","1","1","0","0","0","0","0","0","Secondary","RAX2","0"
"300","0","0","cone.rod.dystrophy","0","0","0","0","0","0","1","1","0","0","0","0","0","0","Secondary","PROM1","2"
"301","0","0","cone.rod.dystrophy","0","0","0","0","0","0","1","1","0","0","0","0","0","0","Secondary","RPGRIP1","0"
"302","0","0","cone.rod.dystrophy","0","0","0","0","0","0","1","1","0","0","0","0","0","0","Secondary","GUCA1A","0"
"303","0","0","cone.rod.dystrophy","0","0","0","0","0","0","1","1","0","0","0","0","0","0","Secondary","CDHR1","1"
"304","0","0","cone.rod.dystrophy","0","0","0","0","0","0","1","1","0","0","0","0","0","0","Secondary","C8orf37","1"
"305","0","0","cone.rod.dystrophy","0","0","0","0","0","0","1","1","0","0","0","0","0","0","Secondary","RAB28","1"
"306","0","0","cone.rod.dystrophy","0","0","0","0","0","0","1","1","0","0","0","0","0","0","Secondary","TTLL5","1"
"307","0","0","cone.rod.dystrophy","0","0","0","0","0","0","1","1","0","0","0","0","0","0","Secondary","POC1B","0"
"308","0","0","cone.rod.dystrophy","0","0","0","0","0","0","1","1","0","0","0","0","0","0","Secondary","DRAM2","0"
"309","0","0","cone.rod.dystrophy","0","0","0","0","0","0","1","1","0","0","0","0","0","0","Secondary","TLCD3B","2"
"310","0","0","cone.rod.dystrophy","0","0","0","0","0","0","1","1","0","0","0","0","0","0","Secondary","RPGR","1"
"311","0","0","cone.rod.dystrophy","0","0","0","0","0","0","1","1","0","0","0","0","0","0","Secondary","CACNA1F","2"
"312","0","0","cone.rod.dystrophy","0","0","0","0","0","0","1","1","0","0","0","0","0","0","Secondary","DYNC2I2","1"
"313","0","1","carpenter.syndrome","0","1","1","0","0","0","1","0","0","1","0","1","0","1","Secondary","RAB23","1"
"314","0","1","carpenter.syndrome","0","1","1","0","0","0","1","0","0","1","0","1","0","1","Secondary","MEGF8","2"
"315","0","0","juvenile.myoclonic.epilepsy","0","0","0","0","0","0","1","0","0","0","0","0","0","0","motile","EFHC1","1"
"316","0","0","juvenile.myoclonic.epilepsy","0","0","0","0","0","0","1","0","0","0","0","0","0","0","motile","GABRA1","0"
"317","0","0","juvenile.myoclonic.epilepsy","0","0","0","0","0","0","1","0","0","0","0","0","0","0","motile","CACNB4","2"
"318","0","0","juvenile.myoclonic.epilepsy","0","0","0","0","0","0","1","0","0","0","0","0","0","0","motile","GABRD","0"
"319","0","0","juvenile.myoclonic.epilepsy","0","0","0","0","0","0","1","0","0","0","0","0","0","0","motile","CLCN2","0"
"320","0","0","juvenile.myoclonic.epilepsy","0","0","0","0","0","0","1","0","0","0","0","0","0","0","motile","ICK","1"
"321","0","0","congenital.heart.disease","1","0","0","0","0","0","1","0","0","1","0","0","1","0","Secondary","GATA6","0"
"322","0","1","holoprosencephaly","0","0","1","0","0","0","0","0","1","0","0","0","0","0","Secondary","SIX3","0"
"323","0","1","holoprosencephaly","0","0","1","0","0","0","0","0","1","0","0","0","0","0","Secondary","SHH","1"
"324","0","1","holoprosencephaly","0","0","1","0","0","0","0","0","1","0","0","0","0","0","Secondary","TGIF1","0"
"325","0","1","holoprosencephaly","0","0","1","0","0","0","0","0","1","0","0","0","0","0","Secondary","ZIC2","0"
"326","0","1","holoprosencephaly","0","0","1","0","0","0","0","0","1","0","0","0","0","0","Secondary","PTCH1","1"
"327","0","1","holoprosencephaly","0","0","1","0","0","0","0","0","1","0","0","0","0","0","Secondary","GLI2","1"
"328","0","1","holoprosencephaly","0","0","1","0","0","0","0","0","1","0","0","0","0","0","Secondary","CDON","2"
"329","0","1","holoprosencephaly","0","0","1","0","0","0","0","0","1","0","0","0","0","0","Secondary","CNOT1","0"
"330","0","1","holoprosencephaly","0","0","1","0","0","0","0","0","1","0","0","0","0","0","Secondary","STAG2","0"
"331","0","0","visceral.heterotaxy","1","0","0","0","0","0","0","0","1","0","0","0","0","0","Secondary","ZIC3","0"
"332","0","0","visceral.heterotaxy","1","0","0","0","0","0","0","0","1","0","0","0","0","0","Secondary","CFC1","2"
"333","0","0","visceral.heterotaxy","1","0","0","0","0","0","0","0","1","0","0","0","0","0","Secondary","SESN1","0"
"334","0","0","visceral.heterotaxy","1","0","0","0","0","0","0","0","1","0","0","0","0","0","Secondary","ACVR2B","2"
"335","0","0","visceral.heterotaxy","1","0","0","0","0","0","0","0","1","0","0","0","0","0","Secondary","NODAL","2"
"336","0","0","visceral.heterotaxy","1","0","0","0","0","0","0","0","1","0","0","0","0","0","Secondary","CFAP53","1"
"337","0","0","visceral.heterotaxy","1","0","0","0","0","0","0","0","1","0","0","0","0","0","Secondary","MMP21","2"
"338","0","0","visceral.heterotaxy","1","0","0","0","0","0","0","0","1","0","0","0","0","0","Secondary","PKD1L1","1"
"339","0","0","visceral.heterotaxy","1","0","0","0","0","0","0","0","1","0","0","0","0","0","Secondary","MNS1","1"
"340","0","0","visceral.heterotaxy","1","0","0","0","0","0","0","0","1","0","0","0","0","0","Secondary","CFAP52","0"
"341","0","0","visceral.heterotaxy","1","0","0","0","0","0","0","0","1","0","0","0","0","0","Secondary","CFAP45","1"
"342","0","0","visceral.heterotaxy","1","0","0","0","0","0","0","0","1","0","0","0","0","0","Secondary","TTC21B","1"
"343","0","0","visceral.heterotaxy","1","0","0","0","0","0","0","0","1","0","0","0","0","0","Secondary","CC2D1A","0"
"344","0","0","leber.congenital.amaurosis","0","1","0","0","0","0","1","1","0","0","0","0","0","0","Secondary","GUCY2D","1"
"345","0","0","leber.congenital.amaurosis","0","1","0","0","0","0","1","1","0","0","0","0","0","0","Secondary","RPE65","2"
"346","0","0","leber.congenital.amaurosis","0","1","0","0","0","0","1","1","0","0","0","0","0","0","Secondary","SPATA7","1"
"347","0","0","leber.congenital.amaurosis","0","1","0","0","0","0","1","1","0","0","0","0","0","0","Secondary","AIPL1","1"
"348","0","0","leber.congenital.amaurosis","0","1","0","0","0","0","1","1","0","0","0","0","0","0","Secondary","LCA5","1"
"349","0","0","leber.congenital.amaurosis","0","1","0","0","0","0","1","1","0","0","0","0","0","0","Secondary","RPGRIP1","0"
"350","0","0","leber.congenital.amaurosis","0","1","0","0","0","0","1","1","0","0","0","0","0","0","Secondary","CRX","2"
"351","0","0","leber.congenital.amaurosis","0","1","0","0","0","0","1","1","0","0","0","0","0","0","Secondary","CRB1","0"
"352","0","0","leber.congenital.amaurosis","0","1","0","0","0","0","1","1","0","0","0","0","0","0","Secondary","NMNAT1","0"
"353","0","0","leber.congenital.amaurosis","0","1","0","0","0","0","1","1","0","0","0","0","0","0","Secondary","CEP290","1"
"354","0","0","leber.congenital.amaurosis","0","1","0","0","0","0","1","1","0","0","0","0","0","0","Secondary","IMPDH1","0"
"355","0","0","leber.congenital.amaurosis","0","1","0","0","0","0","1","1","0","0","0","0","0","0","Secondary","RD3","2"
"356","0","0","leber.congenital.amaurosis","0","1","0","0","0","0","1","1","0","0","0","0","0","0","Secondary","RDH12","2"
"357","0","0","leber.congenital.amaurosis","0","1","0","0","0","0","1","1","0","0","0","0","0","0","Secondary","LRAT","0"
"358","0","0","leber.congenital.amaurosis","0","1","0","0","0","0","1","1","0","0","0","0","0","0","Secondary","TULP1","1"
"359","0","0","leber.congenital.amaurosis","0","1","0","0","0","0","1","1","0","0","0","0","0","0","Secondary","KCNJ13","0"
"360","0","0","leber.congenital.amaurosis","0","1","0","0","0","0","1","1","0","0","0","0","0","0","Secondary","GDF6","0"
"361","0","0","leber.congenital.amaurosis","0","1","0","0","0","0","1","1","0","0","0","0","0","0","Secondary","PRPH2","1"
"362","0","0","leber.congenital.amaurosis","0","1","0","0","0","0","1","1","0","0","0","0","0","0","Secondary","USP45","0"
"363","0","0","leber.congenital.amaurosis","0","1","0","0","0","0","1","1","0","0","0","0","0","0","Secondary","IQCB1","1"
"364","0","0","leber.congenital.amaurosis","0","1","0","0","0","0","1","1","0","0","0","0","0","0","Secondary","INPP5E","1"
"365","0","0","laurence.moon.syndrome","0","0","0","1","0","0","1","1","1","0","0","1","0","0","Secondary","PNPLA6","0"
"366","0","1","multinucleated.neurons..anhydramnios..renal.dysplasia..cerebellar.hypoplasia..and.hydranencephaly","0","0","0","0","0","0","0","1","0","1","1","0","0","1","Secondary","CEP55","0"
"367","0","1","medulloblastoma","0","1","0","0","0","0","1","1","0","1","0","0","0","0","Secondary","PTCH2","1"
"368","0","1","medulloblastoma","0","1","0","0","0","0","1","1","0","1","0","0","0","0","Secondary","CTNNB1","0"
"369","0","1","medulloblastoma","0","1","0","0","0","0","1","1","0","1","0","0","0","0","Secondary","SUFU","1"
"370","0","1","medulloblastoma","0","1","0","0","0","0","1","1","0","1","0","0","0","0","Secondary","BRCA2","0"
"371","0","1","medulloblastoma","0","1","0","0","0","0","1","1","0","1","0","0","0","0","Secondary","ELP1","0"
"372","0","0","mental.retardation..truncal.obesity..retinal.dystrophy..and.micropenis","0","1","0","0","0","0","1","1","0","0","0","1","0","0","Secondary","INPP5E","1"
"373","0","0","neonatal.sclerosing.cholangitis","1","0","0","0","1","0","0","0","0","1","1","0","0","0","Secondary","DCDC2","1"
"374","0","1","pallister.hall.syndrome","0","0","0","0","0","0","0","0","0","0","0","0","0","1","Secondary","GLI3","1"
"375","0","0","retinitis.pigmentosa","0","0","0","1","0","0","1","1","0","0","0","0","0","0","Secondary","RP1","1"
"376","0","0","retinitis.pigmentosa","0","0","0","1","0","0","1","1","0","0","0","0","0","0","Secondary","RP2","0"
"377","0","0","retinitis.pigmentosa","0","0","0","1","0","0","1","1","0","0","0","0","0","0","Secondary","RPGR","1"
"378","0","0","retinitis.pigmentosa","0","0","0","1","0","0","1","1","0","0","0","0","0","0","Secondary","RHO","1"
"379","0","0","retinitis.pigmentosa","0","0","0","1","0","0","1","1","0","0","0","0","0","0","Secondary","ROM1","1"
"380","0","0","retinitis.pigmentosa","0","0","0","1","0","0","1","1","0","0","0","0","0","0","Secondary","RP9","0"
"381","0","0","retinitis.pigmentosa","0","0","0","1","0","0","1","1","0","0","0","0","0","0","Secondary","IMPDH1","0"
"382","0","0","retinitis.pigmentosa","0","0","0","1","0","0","1","1","0","0","0","0","0","0","Secondary","PRPF31","1"
"383","0","0","retinitis.pigmentosa","0","0","0","1","0","0","1","1","0","0","0","0","0","0","Secondary","CRB1","0"
"384","0","0","retinitis.pigmentosa","0","0","0","1","0","0","1","1","0","0","0","0","0","0","Secondary","RDH12","2"
"385","0","0","retinitis.pigmentosa","0","0","0","1","0","0","1","1","0","0","0","0","0","0","Secondary","TULP1","1"
"386","0","0","retinitis.pigmentosa","0","0","0","1","0","0","1","1","0","0","0","0","0","0","Secondary","PRPF31","1"
"387","0","0","retinitis.pigmentosa","0","0","0","1","0","0","1","1","0","0","0","0","0","0","Secondary","ABCA4","0"
"388","0","0","retinitis.pigmentosa","0","0","0","1","0","0","1","1","0","0","0","0","0","0","Secondary","RPE65","2"
"389","0","0","retinitis.pigmentosa","0","0","0","1","0","0","1","1","0","0","0","0","0","0","Secondary","OFD1","1"
"390","0","0","retinitis.pigmentosa","0","0","0","1","0","0","1","1","0","0","0","0","0","0","Secondary","EYS","1"
"391","0","0","retinitis.pigmentosa","0","0","0","1","0","0","1","1","0","0","0","0","0","0","Secondary","CERKL","1"
"392","0","0","retinitis.pigmentosa","0","0","0","1","0","0","1","1","0","0","0","0","0","0","Secondary","NRL","0"
"393","0","0","retinitis.pigmentosa","0","0","0","1","0","0","1","1","0","0","0","0","0","0","Secondary","FAM161A","1"
"394","0","0","retinitis.pigmentosa","0","0","0","1","0","0","1","1","0","0","0","0","0","0","Secondary","FSCN2","1"
"395","0","0","retinitis.pigmentosa","0","0","0","1","0","0","1","1","0","0","0","0","0","0","Secondary","TOPORS","0"
"396","0","0","retinitis.pigmentosa","0","0","0","1","0","0","1","1","0","0","0","0","0","0","Secondary","CLCC1","0"
"397","0","0","retinitis.pigmentosa","0","0","0","1","0","0","1","1","0","0","0","0","0","0","Secondary","SNRNP200","1"
"398","0","0","retinitis.pigmentosa","0","0","0","1","0","0","1","1","0","0","0","0","0","0","Secondary","SEMA4A","2"
"399","0","0","retinitis.pigmentosa","0","0","0","1","0","0","1","1","0","0","0","0","0","0","Secondary","PRCD","2"
"400","0","0","retinitis.pigmentosa","0","0","0","1","0","0","1","1","0","0","0","0","0","0","Secondary","NR2E3","2"
"401","0","0","retinitis.pigmentosa","0","0","0","1","0","0","1","1","0","0","0","0","0","0","Secondary","MERTK","0"
"402","0","0","retinitis.pigmentosa","0","0","0","1","0","0","1","1","0","0","0","0","0","0","Secondary","USH2A","0"
"403","0","0","retinitis.pigmentosa","0","0","0","1","0","0","1","1","0","0","0","0","0","0","Secondary","PDE6B","0"
"404","0","0","retinitis.pigmentosa","0","0","0","1","0","0","1","1","0","0","0","0","0","0","Secondary","PROM1","2"
"405","0","0","retinitis.pigmentosa","0","0","0","1","0","0","1","1","0","0","0","0","0","0","Secondary","KLHL7","0"
"406","0","0","retinitis.pigmentosa","0","0","0","1","0","0","1","1","0","0","0","0","0","0","Secondary","PDE6A","2"
"407","0","0","retinitis.pigmentosa","0","0","0","1","0","0","1","1","0","0","0","0","0","0","Secondary","RGR","0"
"408","0","0","retinitis.pigmentosa","0","0","0","1","0","0","1","1","0","0","0","0","0","0","Secondary","CNGB1","0"
"409","0","0","retinitis.pigmentosa","0","0","0","1","0","0","1","1","0","0","0","0","0","0","Secondary","IDH3B","0"
"410","0","0","retinitis.pigmentosa","0","0","0","1","0","0","1","1","0","0","0","0","0","0","Secondary","SAG","2"
"411","0","0","retinitis.pigmentosa","0","0","0","1","0","0","1","1","0","0","0","0","0","0","Secondary","GUCA1B","2"
"412","0","0","retinitis.pigmentosa","0","0","0","1","0","0","1","1","0","0","0","0","0","0","Secondary","CNGA1","0"
"413","0","0","retinitis.pigmentosa","0","0","0","1","0","0","1","1","0","0","0","0","0","0","Secondary","BEST1","2"
"414","0","0","retinitis.pigmentosa","0","0","0","1","0","0","1","1","0","0","0","0","0","0","Secondary","TTC8","0"
"415","0","0","retinitis.pigmentosa","0","0","0","1","0","0","1","1","0","0","0","0","0","0","Secondary","PCARE","1"
"416","0","0","retinitis.pigmentosa","0","0","0","1","0","0","1","1","0","0","0","0","0","0","Secondary","ARL6","1"
"417","0","0","retinitis.pigmentosa","0","0","0","1","0","0","1","1","0","0","0","0","0","0","Secondary","IMPG2","2"
"418","0","0","retinitis.pigmentosa","0","0","0","1","0","0","1","1","0","0","0","0","0","0","Secondary","PDE6G","0"
"419","0","0","retinitis.pigmentosa","0","0","0","1","0","0","1","1","0","0","0","0","0","0","Secondary","ZNF513","2"
"420","0","0","retinitis.pigmentosa","0","0","0","1","0","0","1","1","0","0","0","0","0","0","Secondary","DHDDS","0"
"421","0","0","retinitis.pigmentosa","0","0","0","1","0","0","1","1","0","0","0","0","0","0","Secondary","PRPF6","1"
"422","0","0","retinitis.pigmentosa","0","0","0","1","0","0","1","1","0","0","0","0","0","0","Secondary","CLRN1","1"
"423","0","0","retinitis.pigmentosa","0","0","0","1","0","0","1","1","0","0","0","0","0","0","Secondary","MAK","1"
"424","0","0","retinitis.pigmentosa","0","0","0","1","0","0","1","1","0","0","0","0","0","0","Secondary","C8orf37","1"
"425","0","0","retinitis.pigmentosa","0","0","0","1","0","0","1","1","0","0","0","0","0","0","Secondary","CDHR1","1"
"426","0","0","retinitis.pigmentosa","0","0","0","1","0","0","1","1","0","0","0","0","0","0","Secondary","RBP3","2"
"427","0","0","retinitis.pigmentosa","0","0","0","1","0","0","1","1","0","0","0","0","0","0","Secondary","NEK2","0"
"428","0","0","retinitis.pigmentosa","0","0","0","1","0","0","1","1","0","0","0","0","0","0","Secondary","SLC7A14","0"
"429","0","0","retinitis.pigmentosa","0","0","0","1","0","0","1","1","0","0","0","0","0","0","Secondary","KIZ","0"
"430","0","0","retinitis.pigmentosa","0","0","0","1","0","0","1","1","0","0","0","0","0","0","Secondary","PRPF4","1"
"431","0","0","retinitis.pigmentosa","0","0","0","1","0","0","1","1","0","0","0","0","0","0","Secondary","IFT172","1"
"432","0","0","retinitis.pigmentosa","0","0","0","1","0","0","1","1","0","0","0","0","0","0","Secondary","ZNF408","0"
"433","0","0","retinitis.pigmentosa","0","0","0","1","0","0","1","1","0","0","0","0","0","0","Secondary","HGSNAT","2"
"434","0","0","retinitis.pigmentosa","0","0","0","1","0","0","1","1","0","0","0","0","0","0","Secondary","BBS2","1"
"435","0","0","retinitis.pigmentosa","0","0","0","1","0","0","1","1","0","0","0","0","0","0","Secondary","AGBL5","0"
"436","0","0","retinitis.pigmentosa","0","0","0","1","0","0","1","1","0","0","0","0","0","0","Secondary","POMGNT1","0"
"437","0","0","retinitis.pigmentosa","0","0","0","1","0","0","1","1","0","0","0","0","0","0","Secondary","REEP6","0"
"438","0","0","retinitis.pigmentosa","0","0","0","1","0","0","1","1","0","0","0","0","0","0","Secondary","ARHGEF18","0"
"439","0","0","retinitis.pigmentosa","0","0","0","1","0","0","1","1","0","0","0","0","0","0","Secondary","HK1","0"
"440","0","0","retinitis.pigmentosa","0","0","0","1","0","0","1","1","0","0","0","0","0","0","Secondary","IFT140","1"
"441","0","0","retinitis.pigmentosa","0","0","0","1","0","0","1","1","0","0","0","0","0","0","Secondary","IFT43","0"
"442","0","0","retinitis.pigmentosa","0","0","0","1","0","0","1","1","0","0","0","0","0","0","Secondary","ARL3","1"
"443","0","0","retinitis.pigmentosa","0","0","0","1","0","0","1","1","0","0","0","0","0","0","Secondary","DHX38","0"
"444","0","0","retinitis.pigmentosa","0","0","0","1","0","0","1","1","0","0","0","0","0","0","Secondary","AHR","0"
"445","0","0","retinitis.pigmentosa","0","0","0","1","0","0","1","1","0","0","0","0","0","0","Secondary","KIAA1549","1"
"446","0","0","retinitis.pigmentosa","0","0","0","1","0","0","1","1","0","0","0","0","0","0","Secondary","RPE65","2"
"447","0","0","retinitis.pigmentosa","0","0","0","1","0","0","1","1","0","0","0","0","0","0","Secondary","RP1L1","1"
"448","0","0","retinitis.pigmentosa","0","0","0","1","0","0","1","1","0","0","0","0","0","0","Secondary","KIF3B","1"
"449","0","0","retinitis.pigmentosa","0","0","0","1","0","0","1","1","0","0","0","0","0","0","Secondary","IDH3A","0"
"450","0","0","retinitis.pigmentosa","0","0","0","1","0","0","1","1","0","0","0","0","0","0","Secondary","IMPG1","2"
"451","0","0","retinitis.pigmentosa","0","0","0","1","0","0","1","1","0","0","0","0","0","0","Secondary","CEP290","1"
"452","0","0","retinitis.pigmentosa","0","0","0","1","0","0","1","1","0","0","0","0","0","0","Secondary","CEP83","1"
"453","0","0","retinitis.pigmentosa","0","0","0","1","0","0","1","1","0","0","0","0","0","0","Secondary","BBS1","1"
"454","0","0","retinitis.pigmentosa","0","0","0","1","0","0","1","1","0","0","0","0","0","0","Secondary","CFAP20","1"
"455","1","1","spinocerebellar.ataxia","0","1","0","0","0","0","1","1","0","1","0","0","0","1","Secondary","ATXN1","0"
"456","1","1","spinocerebellar.ataxia","0","1","0","0","0","0","1","1","0","1","0","0","0","1","Secondary","ATXN2","0"
"457","1","1","spinocerebellar.ataxia","0","1","0","0","0","0","1","1","0","1","0","0","0","1","Secondary","SPTBN2","0"
"458","1","1","spinocerebellar.ataxia","0","1","0","0","0","0","1","1","0","1","0","0","0","1","Secondary","CACNA1A","0"
"459","1","1","spinocerebellar.ataxia","0","1","0","0","0","0","1","1","0","1","0","0","0","1","Secondary","ATXN7","1"
"460","1","1","spinocerebellar.ataxia","0","1","0","0","0","0","1","1","0","1","0","0","0","1","Secondary","ATXN8","2"
"461","1","1","spinocerebellar.ataxia","0","1","0","0","0","0","1","1","0","1","0","0","0","1","Secondary","ATXN10","1"
"462","1","1","spinocerebellar.ataxia","0","1","0","0","0","0","1","1","0","1","0","0","0","1","Secondary","TTBK2","1"
"463","1","1","spinocerebellar.ataxia","0","1","0","0","0","0","1","1","0","1","0","0","0","1","Secondary","PPP2R2B","0"
"464","1","1","spinocerebellar.ataxia","0","1","0","0","0","0","1","1","0","1","0","0","0","1","Secondary","KCNC3","1"
"465","1","1","spinocerebellar.ataxia","0","1","0","0","0","0","1","1","0","1","0","0","0","1","Secondary","PRKCG","2"
"466","1","1","spinocerebellar.ataxia","0","1","0","0","0","0","1","1","0","1","0","0","0","1","Secondary","ITPR1","0"
"467","1","1","spinocerebellar.ataxia","0","1","0","0","0","0","1","1","0","1","0","0","0","1","Secondary","TBP","0"
"468","1","1","spinocerebellar.ataxia","0","1","0","0","0","0","1","1","0","1","0","0","0","1","Secondary","KCND3","2"
"469","1","1","spinocerebellar.ataxia","0","1","0","0","0","0","1","1","0","1","0","0","0","1","Secondary","TMEM240","2"
"470","1","1","spinocerebellar.ataxia","0","1","0","0","0","0","1","1","0","1","0","0","0","1","Secondary","PDYN","2"
"471","1","1","spinocerebellar.ataxia","0","1","0","0","0","0","1","1","0","1","0","0","0","1","Secondary","eEF2","0"
"472","1","1","spinocerebellar.ataxia","0","1","0","0","0","0","1","1","0","1","0","0","0","1","Secondary","FGF14","0"
"473","1","1","spinocerebellar.ataxia","0","1","0","0","0","0","1","1","0","1","0","0","0","1","Secondary","AFG3L2","0"
"474","1","1","spinocerebellar.ataxia","0","1","0","0","0","0","1","1","0","1","0","0","0","1","Secondary","ITPR1","0"
"475","1","1","spinocerebellar.ataxia","0","1","0","0","0","0","1","1","0","1","0","0","0","1","Secondary","BEAN1","0"
"476","1","1","spinocerebellar.ataxia","0","1","0","0","0","0","1","1","0","1","0","0","0","1","Secondary","ELOVL4","2"
"477","1","1","spinocerebellar.ataxia","0","1","0","0","0","0","1","1","0","1","0","0","0","1","Secondary","TGM6","2"
"478","1","1","spinocerebellar.ataxia","0","1","0","0","0","0","1","1","0","1","0","0","0","1","Secondary","NOP56","0"
"479","1","1","spinocerebellar.ataxia","0","1","0","0","0","0","1","1","0","1","0","0","0","1","Secondary","DAB1","0"
"480","1","1","spinocerebellar.ataxia","0","1","0","0","0","0","1","1","0","1","0","0","0","1","Secondary","ELOVL5","0"
"481","1","1","spinocerebellar.ataxia","0","1","0","0","0","0","1","1","0","1","0","0","0","1","Secondary","CCDC88C","0"
"482","1","1","spinocerebellar.ataxia","0","1","0","0","0","0","1","1","0","1","0","0","0","1","Secondary","TRPC3","2"
"483","1","1","spinocerebellar.ataxia","0","1","0","0","0","0","1","1","0","1","0","0","0","1","Secondary","CACNA1G","2"
"484","1","1","spinocerebellar.ataxia","0","1","0","0","0","0","1","1","0","1","0","0","0","1","Secondary","MME","2"
"485","1","1","spinocerebellar.ataxia","0","1","0","0","0","0","1","1","0","1","0","0","0","1","Secondary","GRM1","0"
"486","1","1","spinocerebellar.ataxia","0","1","0","0","0","0","1","1","0","1","0","0","0","1","Secondary","FAT2","2"
"487","1","1","spinocerebellar.ataxia","0","1","0","0","0","0","1","1","0","1","0","0","0","1","Secondary","PLD3","0"
"488","1","1","spinocerebellar.ataxia","0","1","0","0","0","0","1","1","0","1","0","0","0","1","Secondary","PUM1","0"
"489","1","1","spinocerebellar.ataxia","0","1","0","0","0","0","1","1","0","1","0","0","0","1","Secondary","STUB1","0"
"490","1","1","spinocerebellar.ataxia","0","1","0","0","0","0","1","1","0","1","0","0","0","1","Secondary","TDP1","0"
"491","1","1","spinocerebellar.ataxia","0","1","0","0","0","0","1","1","0","1","0","0","0","1","Secondary","Setx","0"
"492","1","1","spinocerebellar.ataxia","0","1","0","0","0","0","1","1","0","1","0","0","0","1","Secondary","COA7","0"
"493","0","0","simpson.golabi.behmel.syndrome","1","0","1","0","0","1","0","0","0","1","0","0","0","1","Secondary","GPC3","0"
"494","0","0","simpson.golabi.behmel.syndrome","1","0","1","0","0","1","0","0","0","1","0","0","0","1","Secondary","OFD1","1"
"495","0","1","short.stature..onychodysplasia..facial.dysmorphism..and.hypotrichosis","0","0","1","1","0","0","0","1","1","0","0","1","0","1","Secondary","POC1A","2"
"496","0","0","star.syndrome","1","0","1","1","0","0","0","1","0","1","1","1","0","1","Secondary","CCNQ","0"
"497","1","0","townes.brocks.syndrome","0","1","0","0","0","0","1","1","0","1","0","1","0","0","Secondary","SALL1","0"
"498","1","0","townes.brocks.syndrome","0","1","0","0","0","0","1","1","0","1","0","1","0","0","Secondary","LUZP1","0"
"499","1","1","usher.syndrome","0","0","0","0","0","0","1","1","0","1","0","0","0","0","Secondary","MYO7A","1"
"500","1","1","usher.syndrome","0","0","0","0","0","0","1","1","0","1","0","0","0","0","Secondary","USH1C","0"
"501","1","1","usher.syndrome","0","0","0","0","0","0","1","1","0","1","0","0","0","0","Secondary","CDH23","0"
"502","1","1","usher.syndrome","0","0","0","0","0","0","1","1","0","1","0","0","0","0","Secondary","PCDH15","1"
"503","1","1","usher.syndrome","0","0","0","0","0","0","1","1","0","1","0","0","0","0","Secondary","USH1G","1"
"504","1","1","usher.syndrome","0","0","0","0","0","0","1","1","0","1","0","0","0","0","Secondary","CIB2","1"
"505","1","1","usher.syndrome","0","0","0","0","0","0","1","1","0","1","0","0","0","0","Secondary","USH2A","0"
"506","1","1","usher.syndrome","0","0","0","0","0","0","1","1","0","1","0","0","0","0","Secondary","ADGRV1","1"
"507","1","1","usher.syndrome","0","0","0","0","0","0","1","1","0","1","0","0","0","0","Secondary","PDZD7","1"
"508","1","1","usher.syndrome","0","0","0","0","0","0","1","1","0","1","0","0","0","0","Secondary","WHRN","1"
"509","1","1","usher.syndrome","0","0","0","0","0","0","1","1","0","1","0","0","0","0","Secondary","CLRN1","1"
"510","1","1","usher.syndrome","0","0","0","0","0","0","1","1","0","1","0","0","0","0","Secondary","HARS1","0"
"511","1","1","usher.syndrome","0","0","0","0","0","0","1","1","0","1","0","0","0","0","Secondary","ARSG","2"
